date,Duration (min),Total Energy (kWh),Nº cartão EVIO,Plus,Temp
2023-07-31,0.433,0.0,19.0,0.0,20.0
2023-08-01,0.0,0.0,0.0,0.0,20.75
2023-08-02,0.0,0.0,0.0,0.025,19.5
2023-08-03,0.0,0.0,0.0,0.0,18.5
2023-08-04,0.0,0.0,0.0,0.0,19.25
2023-08-05,0.0,0.0,0.0,0.0,21.75
2023-08-06,0.0,0.0,0.0,0.0,24.0
2023-08-07,0.0,0.0,0.0,0.0,26.25
2023-08-08,0.0,0.0,0.0,0.0,24.5
2023-08-09,0.0,0.0,0.0,0.0,20.0
2023-08-10,0.0,0.0,0.0,0.0,21.0
2023-08-11,0.0,0.0,0.0,0.0,21.75
2023-08-12,0.0,0.0,0.0,0.025,20.75
2023-08-13,0.0,0.0,0.0,0.0,18.75
2023-08-14,512.867,10.18,19.0,0.0,18.5
2023-08-15,0.0,0.0,0.0,0.0,19.75
2023-08-16,182.833,10.05,19.0,0.0,19.5
2023-08-17,0.0,0.0,0.0,0.0,19.5
2023-08-18,0.0,0.0,0.0,0.0,20.75
2023-08-19,0.0,0.0,0.0,0.0,21.75
2023-08-20,0.0,0.0,0.0,0.0,21.0
2023-08-21,0.0,0.0,0.0,0.0,21.75
2023-08-22,0.0,0.0,0.0,0.0,25.75
2023-08-23,0.0,0.0,0.0,0.0,24.0
2023-08-24,0.0,0.0,0.0,0.0,21.25
2023-08-25,0.0,0.0,0.0,0.0,20.0
2023-08-26,0.0,0.0,0.0,0.0,18.75
2023-08-27,0.0,0.0,0.0,0.0,18.25
2023-08-28,0.0,0.0,0.0,0.0,18.75
2023-08-29,0.0,0.0,0.0,0.0,19.0
2023-08-30,0.0,0.0,0.0,0.0,19.0
2023-08-31,0.0,0.0,0.0,0.0,19.75
2023-09-01,0.0,0.0,0.0,0.0,19.25
2023-09-02,0.0,0.0,0.0,0.025,19.0
2023-09-03,0.0,0.0,0.0,0.0,20.0
2023-09-04,180.883,10.23,38.0,0.0,40.0
2023-09-05,72.4,3.97,19.0,0.275,20.75
2023-09-06,0.0,0.0,0.0,0.0,21.0
2023-09-07,0.0,0.0,0.0,0.0,21.75
2023-09-08,257.13300000000004,10.49,38.0,0.0,43.5
2023-09-09,0.0,0.0,0.0,0.4,20.5
2023-09-10,0.0,0.0,0.0,0.025,20.25
2023-09-11,321.05,10.16,19.0,0.0,19.5
2023-09-12,0.0,0.0,0.0,0.0,20.0
2023-09-13,177.467,10.23,19.0,0.0,21.75
2023-09-14,230.866,7.28,57.0,0.0,69.75
2023-09-15,183.433,10.19,19.0,0.0,20.75
2023-09-16,0.0,0.0,0.0,0.4500000000000001,18.75
2023-09-17,0.0,0.0,0.0,0.2,18.0
2023-09-18,179.733,10.21,19.0,0.3,18.25
2023-09-19,0.0,0.0,0.0,0.0,18.75
2023-09-20,0.0,0.0,0.0,0.0,18.25
2023-09-21,175.6,10.1,19.0,0.175,18.5
2023-09-22,0.0,0.0,0.0,0.05,17.5
2023-09-23,0.0,0.0,0.0,0.0,17.75
2023-09-24,0.0,0.0,0.0,0.0,19.25
2023-09-25,182.083,10.08,19.0,0.0,20.0
2023-09-26,0.0,0.0,0.0,0.0,20.25
2023-09-27,0.0,0.0,0.0,0.0,19.5
2023-09-28,230.683,10.11,19.0,0.0,20.75
2023-09-29,0.0,0.0,0.0,0.0,22.25
2023-09-30,0.0,0.0,0.0,0.0,24.75
2023-10-01,0.0,0.0,0.0,0.0,24.0
2023-10-02,24.9,1.42,19.0,0.0,21.0
2023-10-03,0.0,0.0,0.0,0.0,21.25
2023-10-04,0.0,0.0,0.0,0.0,21.5
2023-10-05,0.0,0.0,0.0,0.0,20.0
2023-10-06,128.917,7.56,19.0,0.0,22.0
2023-10-07,0.0,0.0,0.0,0.0,24.5
2023-10-08,0.0,0.0,0.0,0.0,23.25
2023-10-09,238.317,10.36,19.0,0.0,24.25
2023-10-10,2.017,0.1,38.0,0.0,47.0
2023-10-11,254.75,7.74,19.0,0.0,23.0
2023-10-12,0.0,0.0,0.0,0.0,22.5
2023-10-13,224.483,10.26,19.0,0.375,20.75
2023-10-14,0.0,0.0,0.0,0.125,19.0
2023-10-15,0.0,0.0,0.0,0.425,18.5
2023-10-16,216.433,10.35,19.0,0.15,18.75
2023-10-17,93.117,5.43,19.0,0.625,20.0
2023-10-18,0.0,0.0,0.0,0.3,19.0
2023-10-19,0.0,0.0,0.0,1.275,17.5
2023-10-20,0.0,0.0,0.0,0.6749999999999999,15.5
2023-10-21,0.0,0.0,0.0,0.4,15.75
2023-10-22,0.0,0.0,0.0,0.0,16.5
2023-10-23,0.0,0.0,0.0,0.975,14.75
2023-10-24,188.0,10.16,19.0,1.075,15.25
2023-10-25,0.0,0.0,0.0,0.325,17.75
2023-10-26,0.0,0.0,0.0,0.975,17.75
2023-10-27,498.533,16.55,38.0,1.5,33.0
2023-10-28,0.0,0.0,0.0,0.8500000000000001,17.5
2023-10-29,0.0,0.0,0.0,0.775,16.75
2023-10-30,0.0,0.0,0.0,0.525,16.0
2023-10-31,0.0,0.0,0.0,0.2,15.5
2023-11-01,0.0,0.0,0.0,0.7000000000000001,17.0
2023-11-02,190.367,10.43,19.0,0.3,15.5
2023-11-03,0.0,0.0,0.0,0.25,15.5
2023-11-04,0.0,0.0,0.0,0.4000000000000001,16.5
2023-11-05,0.0,0.0,0.0,0.525,15.25
2023-11-06,175.95,9.81,19.0,0.325,13.75
2023-11-07,307.25,17.119999999999997,38.0,0.2,29.5
2023-11-08,0.0,0.0,0.0,2.725,14.25
2023-11-09,0.0,0.0,0.0,0.025,15.0
2023-11-10,330.867,9.99,19.0,0.675,15.25
2023-11-11,0.0,0.0,0.0,0.07500000000000001,17.5
2023-11-12,0.0,0.0,0.0,0.35,17.75
2023-11-13,0.0,0.0,0.0,0.0,17.0
2023-11-14,0.0,0.0,0.0,0.0,16.5
2023-11-15,179.317,9.86,38.0,0.0,34.0
2023-11-16,639.65,4.86,19.0,0.1,16.75
2023-11-17,0.0,0.0,0.0,0.0,16.0
2023-11-18,0.0,0.0,0.0,0.0,16.25
2023-11-19,0.0,0.0,0.0,0.0,16.0
2023-11-20,0.0,0.0,0.0,0.0,16.0
2023-11-21,0.0,0.0,0.0,0.0,13.0
2023-11-22,0.0,0.0,0.0,0.0,12.75
2023-11-23,0.0,0.0,0.0,0.0,13.75
2023-11-24,0.0,0.0,0.0,0.0,13.25
2023-11-25,0.0,0.0,0.0,0.0,13.25
2023-11-26,0.0,0.0,0.0,0.0,13.25
2023-11-27,0.0,0.0,0.0,0.0,13.5
2023-11-28,0.0,0.0,0.0,0.0,15.25
2023-11-29,174.267,9.79,19.0,0.5,16.25
2023-11-30,0.0,0.0,0.0,1.15,12.5
2023-12-01,0.0,0.0,0.0,0.6000000000000001,12.0
2023-12-02,0.0,0.0,0.0,0.0,11.0
2023-12-03,0.0,0.0,0.0,0.0,11.25
2023-12-04,254.417,9.9,19.0,0.07500000000000001,13.75
2023-12-05,0.0,0.0,0.0,0.0,10.5
2023-12-06,0.0,0.0,0.0,0.0,10.5
2023-12-07,0.0,0.0,0.0,2.725,14.5
2023-12-08,0.0,0.0,0.0,0.425,13.75
2023-12-09,0.0,0.0,0.0,0.225,15.5
2023-12-10,0.0,0.0,0.0,0.025,16.0
2023-12-11,0.0,0.0,0.0,0.05,16.25
2023-12-12,0.0,0.0,0.0,0.825,14.75
2023-12-13,0.0,0.0,0.0,0.15,13.0
2023-12-14,205.767,9.93,19.0,0.0,11.25
2023-12-15,0.0,0.0,0.0,0.0,12.25
2023-12-16,0.0,0.0,0.0,0.0,12.0
2023-12-17,0.0,0.0,0.0,0.0,11.25
2023-12-18,345.117,9.84,19.0,0.0,10.75
2023-12-19,0.0,0.0,0.0,0.0,9.5
2023-12-20,0.0,0.0,0.0,0.0,12.0
2023-12-21,181.083,9.93,19.0,0.0,11.0
2023-12-22,104.017,5.57,19.0,0.0,11.5
2023-12-23,0.0,0.0,0.0,0.0,11.0
2023-12-24,0.0,0.0,0.0,0.0,10.75
2023-12-25,0.0,0.0,0.0,0.0,11.5
2023-12-26,0.0,0.0,0.0,0.0,11.75
2023-12-27,0.0,0.0,0.0,0.0,13.5
2023-12-28,0.0,0.0,0.0,0.525,14.0
2023-12-29,0.0,0.0,0.0,0.65,12.75
2023-12-30,0.0,0.0,0.0,0.025,13.0
2023-12-31,0.0,0.0,0.0,0.0,12.75
2024-01-01,0.0,0.0,0.0,0.0,12.0
2024-01-02,0.0,0.0,0.0,0.3,14.0
2024-01-03,0.0,0.0,0.0,1.2,14.25
2024-01-04,0.0,0.0,0.0,0.175,12.25
2024-01-05,0.0,0.0,0.0,0.4,10.75
2024-01-06,0.0,0.0,0.0,0.0,9.5
2024-01-07,0.0,0.0,0.0,0.0,9.0
2024-01-08,0.0,0.0,0.0,0.025,9.0
2024-01-09,0.0,0.0,0.0,0.775,9.75
2024-01-10,0.0,0.0,0.0,0.175,12.25
2024-01-11,0.0,0.0,0.0,0.0,10.25
2024-01-12,0.0,0.0,0.0,0.0,8.75
2024-01-13,0.0,0.0,0.0,0.1,12.5
2024-01-14,0.0,0.0,0.0,0.875,14.25
2024-01-15,171.433,9.78,19.0,0.4,15.0
2024-01-16,0.0,0.0,0.0,0.15,16.0
2024-01-17,0.0,0.0,0.0,1.225,14.25
2024-01-18,367.4,21.07,95.0,2.6249999999999996,67.5
2024-01-19,0.0,0.0,0.0,0.0,12.25
2024-01-20,0.0,0.0,0.0,0.0,10.0
2024-01-21,0.0,0.0,0.0,0.0,10.75
2024-01-22,1480.45,9.79,19.0,0.025,12.25
2024-01-23,147.633,8.29,19.0,0.0,14.75
2024-01-24,0.0,0.0,0.0,0.0,15.0
2024-01-25,174.433,9.8,19.0,0.0,14.5
2024-01-26,0.0,0.0,0.0,0.0,15.0
2024-01-27,0.0,0.0,0.0,0.0,15.0
2024-01-28,0.0,0.0,0.0,0.0,14.75
2024-01-29,0.0,0.0,0.0,0.0,14.5
2024-01-30,172.517,9.63,19.0,0.0,14.5
2024-01-31,0.0,0.0,0.0,0.0,14.5
2024-02-01,0.0,0.0,0.0,0.0,15.0
2024-02-02,172.483,9.55,19.0,0.0,14.5
2024-02-03,0.0,0.0,0.0,0.0,14.0
2024-02-04,0.0,0.0,0.0,0.0,13.5
2024-02-05,176.75,10.16,19.0,0.0,14.0
2024-02-06,0.0,0.0,0.0,0.0,13.25
2024-02-07,0.0,0.0,0.0,0.1,13.5
2024-02-08,0.0,0.0,0.0,0.875,14.0
2024-02-09,0.0,0.0,0.0,1.9,12.75
2024-02-10,0.0,0.0,0.0,0.275,11.5
2024-02-11,0.0,0.0,0.0,0.275,11.5
2024-02-12,172.783,9.69,19.0,0.35,14.0
2024-02-13,0.0,0.0,0.0,0.25,14.5
2024-02-14,145.483,8.02,19.0,0.1,17.0
2024-02-15,181.833,10.119,38.0,0.6,30.5
2024-02-16,0.0,0.0,0.0,0.0,13.25
2024-02-17,0.0,0.0,0.0,0.0,14.0
2024-02-18,0.0,0.0,0.0,0.0,14.5
2024-02-19,0.0,0.0,0.0,0.0,15.5
2024-02-20,0.0,0.0,0.0,0.0,15.0
2024-02-21,0.0,0.0,0.0,0.0,14.0
2024-02-22,172.717,9.84,19.0,0.525,13.25
2024-02-23,0.0,0.0,0.0,0.575,11.25
2024-02-24,0.0,0.0,0.0,0.225,12.0
2024-02-25,0.0,0.0,0.0,0.525,14.0
2024-02-26,172.11700000000002,9.84,38.0,0.3,23.5
2024-02-27,0.0,0.0,0.0,0.0,10.75
2024-02-28,176.78300000000002,9.7,38.0,0.0,21.5
